ms,raw,filtered,bpm,beat
3808,3735,337.27,0.0,0
3848,3693,314.34,0.0,0
3888,3704,303.07,0.0,0
3928,3739,307.66,0.0,0
3968,3756,310.48,0.0,0
4008,3771,311.42,0.0,0
4048,3757,301.7,0.0,0
4088,3766,298.41,0.0,0
4128,3739,284.36,0.0,0
4168,3725,269.0,0.0,0
4208,3741,261.91,0.0,0
4248,3736,254.2,0.0,0
4288,3735,246.42,0.0,0
4328,3723,234.77,0.0,0
4368,3723,226.55,0.0,0
4408,3726,221.6,0.0,0
4448,3736,218.53,0.0,0
4488,3741,216.2,0.0,0
4528,3740,209.68,0.0,0
4568,3734,202.47,0.0,0
4608,3726,195.48,0.0,0
4648,3753,197.27,0.0,0
4688,3741,190.28,0.0,0
4728,3752,188.49,0.0,0
4768,3755,186.77,0.0,0
4808,3743,179.59,0.0,0
4848,3743,173.81,0.0,0
4888,3742,166.13,0.0,0
4928,3742,161.44,0.0,0
4968,3769,167.79,0.0,0
5008,3801,175.41,0.0,0
5048,3770,163.67,0.0,0
5088,3756,152.63,0.0,0
5128,3756,143.55,0.0,0
5168,3775,142.35,0.0,0
5208,3789,144.44,0.0,0
5248,3787,142.76,0.0,0
5288,3787,134.25,0.0,0
5328,3800,129.91,0.0,0
5368,3803,127.72,0.0,0
5408,3805,122.07,0.0,0
5448,3807,117.35,0.0,0
5488,3832,118.26,0.0,0
5528,3853,111.14,0.0,0
5568,3854,105.63,0.0,0
5608,3852,102.49,0.0,0
5648,3870,98.74,0.0,0
5688,3868,100.88,0.0,0
5728,3823,87.31,0.0,0
5768,3865,83.99,0.0,0
5808,3871,80.31,0.0,0
5848,3881,78.55,0.0,0
5888,3866,69.96,0.0,0
5928,3915,83.03,0.0,0
5968,3928,98.19,0.0,0
6008,3935,88.78,0.0,0
6048,3932,75.36,0.0,0
6088,3947,74.45,0.0,0
6128,3961,78.05,0.0,0
6168,3992,85.77,0.0,0
6208,3980,77.56,0.0,0
6248,4007,81.06,0.0,0
6288,4029,79.16,0.0,0
6328,4031,79.19,0.0,0
6368,4043,84.54,0.0,0
6408,4073,86.82,0.0,0
6448,4092,85.12,0.0,0
6488,4095,86.12,0.0,0
6528,4095,82.44,0.0,0
6568,4095,75.52,0.0,0
6608,4095,71.72,0.0,0
6648,4095,71.08,0.0,0
6688,4095,68.01,0.0,0
6728,4095,63.64,0.0,0
6768,4095,64.2,0.0,0
6808,4095,59.27,0.0,0
6848,4095,71.91,0.0,0
6888,4095,76.85,0.0,0
6928,4075,69.18,0.0,0
6968,4095,74.02,0.0,0
7008,4095,82.82,0.0,0
7048,4094,83.73,0.0,0
7088,4095,80.22,0.0,0
7128,4095,78.36,0.0,0
7168,4095,74.28,0.0,0
7208,4095,72.06,0.0,0
7248,4095,70.77,0.0,0
7288,4095,69.14,0.0,0
7328,4095,65.93,0.0,0
7368,4095,70.75,0.0,0
7408,4095,70.07,0.0,0
7448,4088,64.6,0.0,0
7488,4095,64.35,0.0,0
7528,4095,74.99,0.0,0
7568,4095,77.62,0.0,0
7608,4095,82.02,0.0,0
7648,4095,83.06,0.0,0
7688,4095,82.83,0.0,0
7728,4095,84.79,0.0,0
7768,4095,82.09,0.0,0
7808,4095,80.44,0.0,0
7848,4095,80.69,0.0,0
7888,4095,80.7,0.0,0
7928,4093,81.77,0.0,0
7968,4089,78.03,0.0,0
8008,4057,66.47,0.0,0
8048,4044,47.92,0.0,0
8088,4031,41.46,0.0,0
8128,4027,34.67,0.0,0
8168,4009,26.1,0.0,0
8208,3995,17.97,0.0,0
8248,3994,10.55,0.0,0
8288,3990,12.55,0.0,0
8328,3980,14.05,0.0,0
8368,3946,6.81,0.0,0
8408,3917,-2.64,0.0,0
8448,3912,0.56,0.0,0
8488,3903,3.65,0.0,0
8528,3912,8.3,0.0,0
8568,3884,-2.21,0.0,0
8608,3881,-6.31,0.0,0
8648,3865,-11.71,0.0,0
8688,3868,-15.02,0.0,0
8728,3848,-15.59,0.0,0
8768,3864,-10.37,0.0,0
8808,3835,-14.6,0.0,0
8848,3823,-19.72,0.0,0
8888,3803,-29.4,0.0,0
8928,3790,-31.41,0.0,0
8968,3788,-37.52,0.0,0
9008,3768,-30.22,0.0,0
9048,3759,-28.69,0.0,0
9088,3739,-37.13,0.0,0
9128,3712,-43.68,0.0,0
9168,3722,-37.98,0.0,0
9208,3691,-50.53,0.0,0
9248,3677,-48.12,0.0,0
9288,3672,-47.7,0.0,0
9328,3646,-66.68,0.0,0
9368,3627,-57.79,0.0,0
9408,3609,-55.78,0.0,0
9448,3609,-54.59,0.0,0
9488,3584,-56.54,0.0,0
9528,3596,-52.96,0.0,0
9568,3581,-59.86,0.0,0
9608,3592,-56.66,0.0,0
9648,3582,-57.98,0.0,0
9688,3599,-54.73,0.0,0
9728,3612,-42.24,0.0,0
9768,3644,-39.76,0.0,0
9808,3614,-47.82,0.0,0
9848,3623,-49.24,0.0,0
9888,3660,-32.36,0.0,0
9928,3655,-33.94,0.0,0
9968,3643,-42.79,0.0,0
10008,3660,-39.64,0.0,0
10048,3639,-42.43,0.0,0
10088,3626,-46.9,0.0,0
10128,3656,-44.87,0.0,0
10168,3641,-41.92,0.0,0
10208,3661,-28.37,0.0,0
10248,3645,-31.38,0.0,0
10288,3640,-35.25,0.0,0
10328,3692,-11.96,0.0,0
10368,3673,-8.18,0.0,0
10408,3676,-7.05,0.0,0
10448,3687,0.13,0.0,0
10488,3724,9.65,0.0,0
10528,3690,4.09,0.0,0
10568,3694,-0.83,0.0,0
10608,3692,-7.58,0.0,0
10648,3703,-3.98,0.0,0
10688,3678,-6.96,0.0,0
10728,3688,-25.0,0.0,0
10768,3688,-29.0,0.0,0
10808,3695,-27.63,0.0,0
10848,3696,-22.74,0.0,0
10888,3708,-21.63,0.0,0
10928,3720,-15.25,0.0,0
10968,3739,-6.54,0.0,0
11008,3741,-10.15,0.0,0
11048,3741,-11.19,0.0,0
11088,3741,-13.79,0.0,0
11128,3739,-16.0,0.0,0
11168,3755,-11.55,0.0,0
11208,3783,-5.88,0.0,0
11248,3790,-0.54,0.0,0
11288,3820,-2.09,0.0,0
11328,3820,-3.76,0.0,0
11368,3849,2.03,0.0,0
11408,3853,8.78,0.0,0
11448,3866,14.79,0.0,0
11488,3847,5.08,0.0,0
11528,3880,6.99,0.0,0
11568,3900,23.98,0.0,0
11608,3928,41.52,0.0,0
11648,3935,49.74,0.0,0
11688,3913,34.49,0.0,0
11728,3912,13.74,0.0,0
11768,3930,9.72,0.0,0
11808,3915,-0.43,0.0,0
11848,3945,11.95,0.0,0
11888,3951,17.74,0.0,0
11928,3965,12.65,0.0,0
11968,3996,14.47,0.0,0
12008,3995,13.9,0.0,0
12048,4024,18.47,0.0,0
12088,4045,25.24,0.0,0
12128,4046,28.69,0.0,0
12168,4077,35.34,0.0,0
12208,4095,38.04,0.0,0
12248,4091,40.56,0.0,0
12288,4095,30.32,0.0,0
12328,4095,26.35,0.0,0
12368,4095,24.21,0.0,0
12408,4095,22.82,0.0,0
12448,4095,22.53,0.0,0
12488,4095,23.81,0.0,0
12528,4095,27.94,0.0,0
12568,4095,33.89,0.0,0
12608,4095,37.85,0.0,0
12648,4095,43.33,0.0,0
12688,4095,51.92,0.0,0
12728,4095,50.6,0.0,0
12768,4079,42.35,0.0,0
12808,4090,41.48,0.0,0
12848,4094,47.46,0.0,0
12888,4095,42.92,0.0,0
12928,4090,41.41,0.0,0
12968,4094,40.22,0.0,0
13008,4094,39.52,0.0,0
13048,4095,42.07,0.0,0
13088,4095,46.11,0.0,0
13128,4095,44.69,0.0,0
13168,4092,44.41,0.0,0
13208,4095,41.93,0.0,0
13248,4095,41.2,0.0,0
13288,4095,45.84,0.0,0
13328,4089,42.52,0.0,0
13368,4095,46.61,0.0,0
13408,4095,59.98,0.0,0
13448,4072,45.67,0.0,0
13488,4073,42.07,0.0,0
13528,4077,43.19,0.0,0
13568,4076,44.94,0.0,0
13608,4058,37.45,0.0,0
13648,4055,34.9,0.0,0
13688,4044,27.95,0.0,0
13728,4042,25.82,0.0,0
13768,4029,23.71,0.0,0
13808,4029,19.28,0.0,0
13848,4014,17.2,0.0,0
13888,3996,15.84,0.0,0
13928,3996,12.98,0.0,0
13968,3994,12.02,0.0,0
14008,4024,32.48,0.0,0
14028,4013,37.8,0.0,1
14068,3962,19.46,0.0,0
14108,3932,2.71,0.0,0
14148,3896,-6.37,0.0,0
14188,3870,-20.14,0.0,0
14228,3880,-19.46,0.0,0
14268,3882,-9.16,0.0,0
14308,3868,-15.38,0.0,0
14348,3864,-17.33,0.0,0
14388,3898,-7.14,0.0,0
14428,3834,-23.22,0.0,0
14468,3853,-19.22,0.0,0
14508,3805,-31.52,0.0,0
14548,3821,-21.07,0.0,0
14588,3821,-18.85,0.0,0
14628,3773,-33.08,0.0,0
14668,3768,-36.09,0.0,0
14708,3767,-37.14,0.0,0
14748,3743,-44.78,0.0,0
14788,3725,-42.29,0.0,0
14828,3710,-46.2,0.0,0
14868,3703,-41.06,0.0,0
14908,3674,-48.44,0.0,0
14948,3659,-52.07,0.0,0
14988,3645,-50.46,0.0,0
15028,3630,-53.82,0.0,0
15068,3615,-54.33,0.0,0
15108,3597,-56.38,0.0,0
15148,3579,-63.81,0.0,0
15188,3575,-64.06,0.0,0
15228,3584,-61.28,0.0,0
15268,3584,-60.63,0.0,0
15308,3595,-56.27,0.0,0
15348,3567,-63.49,0.0,0
15388,3608,-54.14,0.0,0
15428,3624,-42.24,0.0,0
15468,3624,-39.4,0.0,0
15508,3628,-41.35,0.0,0
15548,3642,-36.15,0.0,0
15588,3640,-37.2,0.0,0
15628,3628,-42.58,0.0,0
15668,3615,-45.51,0.0,0
15708,3645,-32.8,0.0,0
15748,3640,-36.35,0.0,0
15788,3632,-35.5,0.0,0
15828,3643,-32.19,0.0,0
15868,3630,-41.1,0.0,0
15908,3642,-36.14,0.0,0
15948,3644,-32.38,0.0,0
15988,3646,-32.33,0.0,0
16028,3645,-31.63,0.0,0
16068,3644,-34.77,0.0,0
16108,3658,-31.38,0.0,0
16148,3674,-22.86,0.0,0
16188,3674,-18.52,0.0,0
16228,3662,-26.46,0.0,0
16268,3662,-33.64,0.0,0
16308,3658,-35.23,0.0,0
16348,3662,-37.27,0.0,0
16388,3664,-35.33,0.0,0
16428,3678,-30.94,0.0,0
16468,3687,-29.21,0.0,0
16508,3676,-33.27,0.0,0
16548,3719,-19.04,0.0,0
16588,3727,-2.81,0.0,0
16628,3742,6.57,0.0,0
16668,3754,9.71,0.0,0
16708,3756,7.82,0.0,0
16748,3769,10.21,0.0,0
16788,3726,-13.92,0.0,0
16828,3736,-28.44,0.0,0
16868,3751,-26.31,0.0,0
16908,3768,-32.0,0.0,0
16948,3775,-30.5,0.0,0
16988,3801,-26.0,0.0,0
17028,3799,-30.59,0.0,0
17068,3832,-23.95,0.0,0
17108,3818,-17.93,0.0,0
17148,3836,-17.44,0.0,0
17188,3837,-16.49,0.0,0
17228,3817,-31.19,0.0,0
17268,3822,-34.61,0.0,0
17308,3834,-31.75,0.0,0
17348,3871,-11.89,0.0,0
17388,3866,-8.87,0.0,0
17428,3883,-18.11,0.0,0
17468,3899,-15.36,0.0,0
17508,3900,-19.25,0.0,0
17548,3902,-17.29,0.0,0
17588,3935,-9.89,0.0,0
17628,3980,14.18,98.7,1
17668,3994,33.03,98.7,0
17708,4029,35.62,98.7,0
17748,4028,37.2,98.7,0
17788,4042,43.33,98.7,0
17828,4046,49.37,98.7,0
17868,4089,62.18,98.7,0
17908,4072,57.64,98.7,0
17948,4092,60.27,98.7,0
17988,4061,46.36,98.7,0
18028,4064,42.05,98.7,0
18068,4087,46.13,98.7,0
18108,4062,35.95,98.7,0
18148,4042,30.0,98.7,0
18188,3885,-81.76,98.7,0
18228,3981,-46.26,98.7,0
18268,3855,-53.44,98.7,0
18308,3770,-106.67,98.7,0
18348,3707,-166.47,98.7,0
18388,4007,39.46,98.7,0
18428,3920,50.65,98.7,0
18468,3991,70.05,98.7,0
18508,4038,88.1,98.7,0
18548,4042,94.85,98.7,0
18588,3995,65.19,98.7,0
18628,3919,-5.94,98.7,0
18668,3896,-27.15,98.7,0
18708,3917,-30.95,98.7,0
18748,3930,-17.33,98.7,0
18768,3963,-2.05,98.7,1
18808,3944,3.05,98.7,0
18848,3896,-1.51,98.7,0
18888,3917,-2.2,98.7,0
18928,3888,-11.7,98.7,0
18968,3914,-3.18,98.7,0
19008,3886,-4.52,98.7,0
19048,3919,5.43,98.7,0
19088,3904,-0.94,98.7,0
19128,3888,-11.45,98.7,0
19168,3964,3.92,98.7,0
19208,3966,12.36,98.7,0
19248,3978,28.6,98.7,0
19288,3979,30.43,98.7,0
19328,3960,17.2,98.7,0
19368,3913,0.35,98.7,0
19408,3944,-0.88,98.7,0
19448,3965,5.85,98.7,0
19488,3964,18.2,98.7,0
19528,3958,14.04,98.7,0
19568,3978,42.43,98.7,0
19608,3946,37.47,98.7,0
19648,3978,39.87,98.7,0
19688,3994,46.9,98.7,0
19728,3949,19.68,98.7,0
19768,3931,11.53,98.7,0
19808,3886,-1.91,98.7,0
19848,3887,-2.08,98.7,0
19888,3899,4.03,98.7,0
19928,3885,-6.31,98.7,0
19968,3995,30.91,98.7,0
20008,3869,14.27,98.7,0
20048,3849,-23.8,98.7,0
20088,3851,-11.96,98.7,0
20128,3835,-31.13,98.7,0
20168,3802,-34.85,98.7,0
20208,3854,-12.5,98.7,0
20248,3819,-13.88,98.7,0
20288,3615,-88.56,98.7,0
20328,3692,-127.52,98.7,0
20368,3659,-142.96,98.7,0
20408,3655,-151.99,98.7,0
20448,3694,-132.55,98.7,0
20488,3623,-146.89,98.7,0
20528,3720,-65.21,98.7,0
20568,3736,-37.53,98.7,0
20608,3806,-4.28,98.7,0
20648,3727,-19.9,98.7,0
20688,3597,-115.43,98.7,0
20728,3627,-147.99,98.7,0
20768,3596,-160.94,98.7,0
20808,3628,-140.37,98.7,0
20848,3613,-84.63,98.7,0
20888,3565,-139.58,98.7,0
20928,3629,-133.05,98.7,0
20968,3561,-142.27,98.7,0
21008,3607,-137.05,98.7,0
21048,3526,-152.46,98.7,0
21088,3551,-156.18,98.7,0
21118,3981,-27.36,107.1,1
21158,3979,-4.89,107.1,0
21198,3976,79.63,107.1,0
21238,3950,110.34,107.1,0
21278,3944,80.77,107.1,0
21318,3848,67.4,107.1,0
21358,3977,91.77,107.1,0
21398,3962,82.09,107.1,0
21438,3930,87.37,107.1,0
21478,3846,18.85,107.1,0
21518,3722,-32.6,107.1,0
21558,3849,-63.36,107.1,0
21598,3895,18.91,107.1,1
21638,3915,59.31,107.1,0
21678,3871,7.69,107.1,0
21718,3866,39.91,107.1,0
21758,3915,-14.36,107.1,0
21798,3926,69.65,107.1,0
21838,3929,93.92,107.1,0
21878,2318,-972.57,107.1,0
21918,2249,-1337.64,107.1,0
21958,3945,-528.99,107.1,0
21998,3597,-151.35,107.1,0
22038,2542,-417.17,107.1,0
22078,2894,-726.62,107.1,0
22118,2330,-1052.25,107.1,0
22158,2392,-1206.86,107.1,0
22198,2362,-1228.12,107.1,0
22238,2361,-1220.42,107.1,0
22278,2366,-1188.82,107.1,0
22318,2395,-1137.86,107.1,0
22358,2521,-1072.08,107.1,0
22398,2334,-1091.36,107.1,0
22438,2504,-1019.77,107.1,0
22478,2535,-950.38,107.1,0
22518,2462,-936.85,107.1,0
22558,2413,-956.99,107.1,0
22598,2380,-965.27,107.1,0
22638,2314,-982.39,107.1,0
22678,2238,-1040.17,107.1,0
22718,2280,-1016.35,107.1,0
22758,2096,-1025.46,107.1,0
22798,2030,-989.45,107.1,0
22838,2446,-746.16,107.1,0
22878,2223,-788.73,107.1,0
22918,2239,-904.2,107.1,0
22958,2186,-949.97,107.1,0
22998,2205,-900.71,107.1,0
23038,2314,-831.57,107.1,0
23078,3543,-393.94,107.1,0
23118,3370,-294.14,107.1,0
23158,3741,318.78,107.1,0
23198,3770,544.38,107.1,0
23238,3965,662.22,107.1,0
23278,3983,789.3,107.1,0
23318,3992,807.98,107.1,0
23358,3960,785.67,107.1,0
23398,3928,762.0,107.1,0
23438,3882,716.68,107.1,0
23478,3898,702.21,107.1,0
23518,3912,696.41,107.1,0
23558,3852,668.06,107.1,0
23598,3821,653.25,107.1,0
23638,3819,630.1,107.1,0
23678,3791,604.4,107.1,0
23718,3753,573.42,107.1,0
23758,3757,554.32,107.1,0
23798,3755,543.06,107.1,0
23838,3754,527.53,107.1,0
23878,3739,494.68,107.1,0
23918,3753,493.71,107.1,0
23958,3757,485.23,107.1,0
23998,3776,483.21,107.1,0
24038,3773,473.57,107.1,0
24078,3834,478.66,107.1,0
24118,3776,456.03,107.1,0
24158,3689,393.68,107.1,0
24198,3658,333.42,107.1,0
24238,3689,316.46,107.1,0
24278,3670,314.35,107.1,0
24318,3711,327.76,107.1,0
24358,3709,320.44,107.1,0
24398,3691,295.27,107.1,0
24438,3705,307.78,107.1,0
24478,3744,312.77,107.1,0
24518,3692,299.27,107.1,0
24558,3705,288.44,107.1,0
24598,3706,282.22,107.1,0
24638,3707,274.65,107.1,0
24678,3706,273.23,107.1,0
24718,3720,268.39,107.1,0
24758,3722,266.34,107.1,0
24798,3720,252.6,107.1,0
24838,3722,243.98,107.1,0
24878,3711,234.46,107.1,0
24918,3708,216.36,107.1,0
24958,3710,217.33,107.1,0
24998,3709,212.33,107.1,0
25038,3719,216.42,107.1,0
25078,3740,212.94,107.1,0
25118,3734,202.11,107.1,0
25158,3735,202.13,107.1,0
25198,3751,202.48,107.1,0
25238,3736,197.9,107.1,0
25278,3738,188.83,107.1,0
25318,3739,177.68,107.1,0
25358,3735,168.58,107.1,0
25398,3741,161.23,107.1,0
25438,3790,179.64,107.1,0
25478,3839,201.18,107.1,0
25518,3834,193.28,107.1,0
25558,3837,187.09,107.1,0
25598,3840,160.52,107.1,0
25638,3808,150.24,107.1,0
25678,3820,155.06,107.1,0
25718,3815,146.45,107.1,0
25758,3871,169.78,107.1,0
25798,3800,148.93,107.1,0
25838,3848,141.21,107.1,0
25878,3839,147.26,107.1,0
25918,3870,146.24,107.1,0
25958,3831,128.52,107.1,0
25998,3770,93.93,107.1,0
26038,3673,15.52,107.1,0
26078,3850,50.98,107.1,0
26118,3930,137.35,107.1,0
26158,3946,176.72,107.1,0
26198,3880,135.07,107.1,0
26238,3865,88.88,107.1,0
26278,3880,88.73,107.1,0
26318,3913,91.56,107.1,0
26358,3916,93.69,107.1,0
26398,3963,111.51,107.1,0
26438,3920,113.6,107.1,0
26478,3902,100.77,107.1,0
26518,3917,95.29,107.1,0
26558,3945,97.59,107.1,0
26598,3934,99.84,107.1,0
26638,3965,107.54,107.1,0
26678,3980,119.69,107.1,0
26718,3996,128.84,107.1,0
26758,3959,119.62,107.1,0
26798,3950,97.17,107.1,0
26838,3961,91.65,107.1,0
26878,3928,87.26,107.1,0
26918,3918,86.64,107.1,0
26958,4024,98.76,107.1,0
26998,4013,87.59,107.1,0
27038,3992,77.26,107.1,0
27078,3992,86.99,107.1,0
27118,4023,91.59,107.1,0
27158,4015,85.94,107.1,0
27198,4013,86.74,107.1,0
27238,3980,71.22,107.1,0
27278,4058,90.86,107.1,0
27318,4095,123.28,107.1,0
27358,4046,127.75,107.1,0
27398,4025,107.3,107.1,0
27438,4025,87.37,107.1,0
27478,4013,78.47,107.1,0
27518,4009,70.64,107.1,0
27558,4026,72.17,107.1,0
27598,4042,81.4,107.1,0
27638,4014,75.89,107.1,0
27678,4015,72.76,107.1,0
27718,4008,68.26,107.1,0
27758,4012,69.67,107.1,0
27798,4011,69.38,107.1,0
27838,4048,78.1,107.1,0
27878,4056,96.94,107.1,0
27918,4011,86.16,107.1,0
27958,3995,64.62,107.1,0
27998,3992,55.16,107.1,0
28038,3976,46.45,107.1,0
28078,4058,79.41,107.1,0
28118,4046,92.28,107.1,0
28158,3998,64.03,107.1,0
28198,3977,48.75,107.1,0
28238,3976,42.92,107.1,0
28278,3976,41.0,107.1,0
28318,3981,47.72,107.1,0
28358,3978,50.25,107.1,0
28398,3945,31.49,107.1,0
28438,3915,22.8,107.1,0
28478,3868,11.16,107.1,0
28518,3999,41.14,107.1,0
28558,3903,25.85,107.1,0
28598,3915,33.57,107.1,0
28638,3881,31.5,107.1,0
28678,3836,5.58,107.1,0
28718,3899,16.12,107.1,0
28758,3882,20.56,107.1,0
28798,3932,41.82,107.1,0
28838,3887,35.82,107.1,0
28878,3863,21.7,107.1,0
28918,3805,2.38,107.1,0
28958,3854,13.18,107.1,0
28998,3849,15.4,107.1,0
29038,3837,6.8,107.1,0
29078,3819,2.29,107.1,0
29118,3832,10.18,107.1,0
29158,3804,6.62,107.1,0
29198,3776,-9.8,107.1,0
29238,3772,-3.46,107.1,0
29278,3770,-6.3,107.1,0
29318,3755,-26.52,107.1,0
29358,3766,-3.03,107.1,0
29398,3722,-6.1,107.1,0
29438,3708,-16.9,107.1,0
29478,3705,-14.27,107.1,0
29518,3696,-12.77,107.1,0
29558,3691,-8.0,107.1,0
29598,3676,-12.58,107.1,0
29638,3686,-16.07,107.1,0
29678,3675,-23.6,107.1,0
29718,3705,-14.88,107.1,0
29758,3692,-17.85,107.1,0
29798,3624,-40.59,107.1,0
29838,3612,-66.08,107.1,0
29878,3612,-81.92,107.1,0
29918,3623,-82.38,107.1,0
29958,3625,-73.58,107.1,0
29998,3631,-66.52,107.1,0
30038,3625,-68.29,107.1,0
30078,3625,-68.86,107.1,0
30118,3599,-79.03,107.1,0
30158,3599,-75.69,107.1,0
30198,3610,-75.0,107.1,0
30238,3613,-64.66,107.1,0
30278,3613,-64.78,107.1,0
30318,3613,-67.91,107.1,0
30358,3611,-69.09,107.1,0
30398,3607,-69.51,107.1,0
30438,3615,-63.11,107.1,0
30478,3627,-56.89,107.1,0
30518,3628,-51.31,107.1,0
30558,3661,-37.68,107.1,0
30598,3673,-25.28,107.1,0
30638,3645,-27.05,107.1,0
30678,3629,-48.89,107.1,0
30718,3641,-52.69,107.1,0
30758,3658,-35.43,107.1,0
30798,3672,-23.24,107.1,0
30838,3672,-22.18,107.1,0
30878,3673,-20.81,107.1,0
30918,3662,-24.31,107.1,0
30958,3658,-23.38,107.1,0
30998,3657,-37.93,107.1,0
31038,3647,-52.08,107.1,0
31078,3657,-57.56,107.1,0
31118,3674,-55.52,107.1,0
31158,3676,-54.51,107.1,0
31198,3704,-49.1,107.1,0
31238,3692,-55.38,107.1,0
31278,3722,-53.22,107.1,0
31318,3723,-21.79,107.1,0
31358,3736,-44.44,107.1,0
31398,3695,-58.08,107.1,0
31438,3771,-41.84,107.1,0
31478,3740,-48.68,107.1,0
31518,3759,-39.87,107.1,0
31558,3771,-44.3,107.1,0
31598,3771,-45.61,107.1,0
31638,3807,-38.14,107.1,0
31678,3834,-17.23,107.1,0
31718,3856,0.5,107.1,0
31758,3882,10.25,107.1,0
31798,3895,15.92,107.1,0
31838,3871,7.35,107.1,0
31878,3866,-20.92,107.1,0
31918,3881,-16.84,107.1,0
31958,3910,-8.11,107.1,0
31998,3918,-6.8,107.1,0
32038,3919,-14.25,107.1,0
32078,3950,-10.02,107.1,0
32118,3979,3.65,107.1,0
32158,3982,9.8,107.1,0
32198,3996,10.45,107.1,0
32238,4010,10.41,107.1,0
32278,4029,19.03,107.1,0
32318,4012,11.55,107.1,0
32358,4045,18.7,107.1,0
32398,4057,29.35,107.1,0
32438,4011,21.81,107.1,0
32478,4009,15.12,107.1,0
32518,4009,13.91,107.1,0
32558,4009,17.96,107.1,0
32598,4043,32.4,107.1,0
32638,4073,58.03,107.1,0
32678,3984,33.04,107.1,0
32718,3964,12.87,107.1,0
32758,3982,14.76,107.1,0
32798,3982,13.57,107.1,0
32838,4013,24.36,107.1,0
32878,3979,19.68,107.1,0
32918,3995,21.92,107.1,0
32958,3999,23.92,107.1,0
32998,3990,15.02,107.1,0
33038,3991,17.13,107.1,0
33078,3991,24.31,107.1,0
33118,3992,27.45,107.1,0
33158,3991,25.61,107.1,0
33198,3992,26.4,107.1,0
33238,3966,23.11,107.1,0
33278,3975,19.89,107.1,0
33318,3965,7.47,107.1,0
33358,3976,19.34,107.1,0
33398,3964,21.95,107.1,0
33438,3963,24.62,107.1,0
33478,3947,17.29,107.1,0
33518,3948,11.16,107.1,0
33558,3947,16.96,107.1,0
33598,3944,18.77,107.1,0
33638,3932,18.06,107.1,0
33678,3930,18.96,107.1,0
33718,3916,14.64,107.1,0
33758,3912,13.24,107.1,0
33798,3900,10.9,107.1,0
